scientificName,decimalLatitude,decimalLongitude
Ecclinusa ramiflora Mart.,-25.280833,-48.313333
Ecclinusa ramiflora Mart.,-22.356944,-43.735
Ecclinusa ramiflora Mart.,-22.356944,-43.734722
Ecclinusa ramiflora Mart.,-25.171111,-48.301389
Ecclinusa ramiflora Mart.,0.012611,-71.010056
Ecclinusa ramiflora Mart.,-15.55,-39.4
Ecclinusa ramiflora Mart.,1.12,-72.81
Ecclinusa ramiflora Mart.,-25.168333,-48.300556
Ecclinusa ramiflora Mart.,-1.879167,-61.718056
Ecclinusa ramiflora Mart.,-25.1683,-48.3005
Ecclinusa ramiflora Mart.,-9.168889,-68.951111
Ecclinusa ramiflora Mart.,-22.293056,-41.788056
Ecclinusa ramiflora Mart.,-22.293055,-41.788055
Ecclinusa ramiflora Mart.,-9.44,-64.843055
Ecclinusa ramiflora Mart.,-9.44,-64.843056
Ecclinusa ramiflora Mart.,-13.113333,-38.895556
Ecclinusa ramiflora Mart.,-12.530278,-38.299167
Ecclinusa ramiflora Mart.,-12.263056,-38.041667
Ecclinusa ramiflora Mart.,-11.813611,-37.610556
Ecclinusa ramiflora Mart.,-11.0429,-37.1944
Ecclinusa ramiflora Mart.,-11.042778,-37.194444
Ecclinusa ramiflora Mart.,-22.029598,-47.898876
Ecclinusa ramiflora Mart.,-25.172222,-48.301389
Ecclinusa ramiflora Mart.,-25.1722,-48.3013
Ecclinusa ramiflora Mart.,-9.634444,-65.451944
Ecclinusa ramiflora Mart.,-9.542778,-65.044167
Ecclinusa ramiflora Mart.,-11.014722,-37.206389
Ecclinusa ramiflora Mart.,-11.005278,-37.122222
Ecclinusa ramiflora Mart.,-17.459722,-39.240278000000004
Ecclinusa ramiflora Mart.,-16.559333,-57.539861
Ecclinusa ramiflora Mart.,-17.100278,-40.320278
Ecclinusa ramiflora Mart.,-14.399444,-39.060278
Ecclinusa ramiflora Mart.,-15.840278,-39.599722
Ecclinusa ramiflora Mart.,-14.760278,-39.420556
Ecclinusa ramiflora Mart.,-16.199444,-39.060278
Ecclinusa ramiflora Mart.,-24.01288,-47.29368
Ecclinusa ramiflora Mart.,5.2,-53.4
Ecclinusa ramiflora Mart.,-15.349444,-39.045278
Ecclinusa ramiflora Mart.,-15.249444,-39.078056
Ecclinusa ramiflora Mart.,-24.10004,-47.51019
Ecclinusa ramiflora Mart.,-16.558333,-57.561639
Ecclinusa ramiflora Mart.,-15.155,-39.097222
Ecclinusa ramiflora Mart.,-13.717056,-39.637139
Ecclinusa ramiflora Mart.,-9.233333,-64.328056
Ecclinusa ramiflora Mart.,-9.233333,-64.328055
Ecclinusa ramiflora Mart.,-24.18,-47.92
Ecclinusa ramiflora Mart.,-15.25,-39.066667
Ecclinusa ramiflora Mart.,-9.530556,-64.820833
Ecclinusa ramiflora Mart.,-19.911,-40.554
Ecclinusa ramiflora Mart.,2.37986,-53.77619
Ecclinusa ramiflora Mart.,-11.2,-37.233333
Ecclinusa ramiflora Mart.,-14.356111,-39.066111
Ecclinusa ramiflora Mart.,-13.330833,-39.190833
Ecclinusa ramiflora Mart.,-9.716667,-68.116667
Ecclinusa ramiflora Mart.,-13.826667,-39.204722
Ecclinusa ramiflora Mart.,-23.589444,-45.54
Ecclinusa ramiflora Mart.,-13.648889,-39.196111
Ecclinusa ramiflora Mart.,-14.001667,-39.166944
Ecclinusa ramiflora Mart.,-25.08,-47.93
Ecclinusa ramiflora Mart.,-13.121667,-39.670278
Ecclinusa ramiflora Mart.,4.62556,-52.46494
Ecclinusa ramiflora Mart.,4.59457,-53.41397
Ecclinusa ramiflora Mart.,-23.630556,-45.504167
Ecclinusa ramiflora Mart.,-15.186667,-39.694444
Ecclinusa ramiflora Mart.,-15.186667,-39.070556
Ecclinusa ramiflora Mart.,-20.883333,-41.7
Ecclinusa ramiflora Mart.,-16.301667,-39.154444
Ecclinusa ramiflora Mart.,-16.335833,-39.164167
Ecclinusa ramiflora Mart.,-16.383333,-39.133333
Ecclinusa ramiflora Mart.,-23.850556,-46.943333
Ecclinusa ramiflora Mart.,-8.723056,-35.1775
Ecclinusa ramiflora Mart.,-23.4,-45.183333
Ecclinusa ramiflora Mart.,-23.367009,-45.083511
Ecclinusa ramiflora Mart.,-12.927222,-38.427222
Ecclinusa ramiflora Mart.,-22.928056,-42.998055
Ecclinusa ramiflora Mart.,-11.311,-37.3041
Ecclinusa ramiflora Mart.,-11.311111,-37.304167
Ecclinusa ramiflora Mart.,-10.998333,-37.310278
Ecclinusa ramiflora Mart.,-10.595278,-37.183611
Ecclinusa ramiflora Mart.,-14.416667,-39.083333
Ecclinusa ramiflora Mart.,-22.638611,-44.661444
Ecclinusa ramiflora Mart.,-22.638611,-44.661389
Ecclinusa ramiflora Mart.,-15.173611,-39.341667
Ecclinusa ramiflora Mart.,-23.373405,-45.082239
Ecclinusa ramiflora Mart.,-20.339167,-40.468333
Ecclinusa ramiflora Mart.,1.916667,-67.033333
Ecclinusa ramiflora Mart.,-9.63,-55.93
Ecclinusa ramiflora Mart.,-9,-55
Ecclinusa ramiflora Mart.,-9.380278,-55.560556
Ecclinusa ramiflora Mart.,-16.441667,-39.222222
Ecclinusa ramiflora Mart.,-25.083889,-47.926944
Ecclinusa ramiflora Mart.,-16.4192,-39.2022
Ecclinusa ramiflora Mart.,-16.419167,-39.202222
Ecclinusa ramiflora Mart.,-23.373498,-45.080223
Ecclinusa ramiflora Mart.,-9.788889,-65.5275
Ecclinusa ramiflora Mart.,-10.036667,-67.783333
Ecclinusa ramiflora Mart.,-10.033333,-67.783333
Ecclinusa ramiflora Mart.,3.72491,-52.31755
Ecclinusa ramiflora Mart.,4.67709,-53.24865
Ecclinusa ramiflora Mart.,-16.4125,-40.047222
Ecclinusa ramiflora Mart.,-22.532222,-42.346111
Ecclinusa ramiflora Mart.,4.5554500000000004,-53.31341
Ecclinusa ramiflora Mart.,-1.06666,-77.6
Ecclinusa ramiflora Mart.,-1.066667,-77.6
Ecclinusa ramiflora Mart.,-22.9028,-43.2075
Ecclinusa ramiflora Mart.,-22.500556,-42.269167
Ecclinusa ramiflora Mart.,-20.315833,-40.462778
Ecclinusa ramiflora Mart.,-10.492778,-67.900833
Ecclinusa ramiflora Mart.,-24.883333,-47.916667
Ecclinusa ramiflora Mart.,-19.9075,-40.553056
Ecclinusa ramiflora Mart.,4.60833,-53.35833
Ecclinusa ramiflora Mart.,4.6,-53.35
Ecclinusa ramiflora Mart.,4.608333,-53.358333
Ecclinusa ramiflora Mart.,-23.715386,-47.113671
Ecclinusa ramiflora Mart.,-14.416667,-39.016667
Ecclinusa ramiflora Mart.,1.925,-67.034444
Ecclinusa ramiflora Mart.,-13.74361,-61.85111
Ecclinusa ramiflora Mart.,-20.040833,-40.746111
Ecclinusa ramiflora Mart.,-2.51,-70.2
Ecclinusa ramiflora Mart.,-19.931389,-40.6075
Ecclinusa ramiflora Mart.,-15.17,-39.13
Ecclinusa ramiflora Mart.,-12.915278,-40.215556
Ecclinusa ramiflora Mart.,-16.433333,-39.05
Ecclinusa ramiflora Mart.,-14.735,-39.696111
Ecclinusa ramiflora Mart.,-0.63333,-76.16666
Ecclinusa ramiflora Mart.,-19.931111,-40.683611
Ecclinusa ramiflora Mart.,-12.377778,-37.9425
Ecclinusa ramiflora Mart.,-16.870018,-39.203381
Ecclinusa ramiflora Mart.,-16.87,-39.203333
Ecclinusa ramiflora Mart.,-22.397778,-52.929167
Ecclinusa ramiflora Mart.,-11.8633,-72.7789
Ecclinusa ramiflora Mart.,-16.266667,-39.016667
Ecclinusa ramiflora Mart.,-15.15,-39.083333
Ecclinusa parviflora T.D.Penn.,-1.811389,-59.264722
Ecclinusa lanceolata (Mart. & Eichler) Pierre,0.080556,-72.426944
Ecclinusa lanceolata (Mart. & Eichler) Pierre,0.08,-72.42
Ecclinusa lanceolata (Mart. & Eichler) Pierre,7.1869440000000004,-76.486472
Ecclinusa lanceolata (Mart. & Eichler) Pierre,-5.976667,-73.773611
Ecclinusa lanceolata (Mart. & Eichler) Pierre,0.06,-70.98
Ecclinusa lanceolata (Mart. & Eichler) Pierre,0.067583,-70.984056
Ecclinusa lanceolata (Mart. & Eichler) Pierre,0.06758,-70.98406
Ecclinusa lanceolata (Mart. & Eichler) Pierre,-3.842778,-73.378333
Ecclinusa lanceolata (Mart. & Eichler) Pierre,-4.899167,-73.629444
Ecclinusa lanceolata (Mart. & Eichler) Pierre,-10.354167,-75.285
Ecclinusa lanceolata (Mart. & Eichler) Pierre,6.380556,-58.240278000000004
Ecclinusa lanceolata (Mart. & Eichler) Pierre,6.258889,-58.223889
Ecclinusa lanceolata (Mart. & Eichler) Pierre,6.362222,-58.659722
Ecclinusa lanceolata (Mart. & Eichler) Pierre,5.179167,-58.703611
Ecclinusa lanceolata (Mart. & Eichler) Pierre,6.391667,-58.236389
Ecclinusa lanceolata (Mart. & Eichler) Pierre,6.356389,-58.659167
Ecclinusa lanceolata (Mart. & Eichler) Pierre,5.179444,-58.701667
Ecclinusa lanceolata (Mart. & Eichler) Pierre,5.180278,-58.703056
Ecclinusa lanceolata (Mart. & Eichler) Pierre,5.179444,-58.702222
Ecclinusa lanceolata (Mart. & Eichler) Pierre,-9.233333,-64.7
Ecclinusa lanceolata (Mart. & Eichler) Pierre,-7.783333,-72.9
Ecclinusa lanceolata (Mart. & Eichler) Pierre,8.603557,-73.568975
Ecclinusa lanceolata (Mart. & Eichler) Pierre,-10.421944,-75.315556
Ecclinusa lanceolata (Mart. & Eichler) Pierre,-9.346944,-56.775
Ecclinusa lanceolata (Mart. & Eichler) Pierre,8.130769,-76.180425
Ecclinusa lanceolata (Mart. & Eichler) Pierre,-0.0122,-72.0936
Ecclinusa lanceolata (Mart. & Eichler) Pierre,0.0731,-72.5531
Ecclinusa lanceolata (Mart. & Eichler) Pierre,-2.716667,-70.527778
Ecclinusa lanceolata (Mart. & Eichler) Pierre,-3.198778,-70.899028
Ecclinusa lanceolata (Mart. & Eichler) Pierre,-0.298889,-72.381667
Ecclinusa lanceolata (Mart. & Eichler) Pierre,8.835833,-80.616944
Ecclinusa lanceolata (Mart. & Eichler) Pierre,8.832222,-80.658889
Ecclinusa lanceolata (Mart. & Eichler) Pierre,-10.346389,-75.259167
Ecclinusa lanceolata (Mart. & Eichler) Pierre,-10.355833,-75.253333
Ecclinusa lanceolata (Mart. & Eichler) Pierre,-10.3475,-75.259444
Ecclinusa lanceolata (Mart. & Eichler) Pierre,8.831111,-80.684722
Ecclinusa lanceolata (Mart. & Eichler) Pierre,-12.968,-69.486
Ecclinusa lanceolata (Mart. & Eichler) Pierre,-12.5416,-70.082
Ecclinusa lanceolata (Mart. & Eichler) Pierre,-6.386419,-61.938889
Ecclinusa lanceolata (Mart. & Eichler) Pierre,-12.5165,-70.0903
Ecclinusa lanceolata (Mart. & Eichler) Pierre,-12.5536,-70.1121
Ecclinusa lanceolata (Mart. & Eichler) Pierre,-12.5531,-70.1141
Ecclinusa lanceolata (Mart. & Eichler) Pierre,-12.4531,-70.2665
Ecclinusa lanceolata (Mart. & Eichler) Pierre,-12.4466,-70.2403
Ecclinusa lanceolata (Mart. & Eichler) Pierre,3.213333,-52.020278
Ecclinusa lanceolata (Mart. & Eichler) Pierre,-10.39527,-75.08666
Ecclinusa lanceolata (Mart. & Eichler) Pierre,-10.19416,-75.32166
Ecclinusa lanceolata (Mart. & Eichler) Pierre,-10.2,-75.33333
Ecclinusa lanceolata (Mart. & Eichler) Pierre,8.409167,-77.198363
Ecclinusa lanceolata (Mart. & Eichler) Pierre,-12.57,-70.1
Ecclinusa lanceolata (Mart. & Eichler) Pierre,-2.40456,-59.87
Ecclinusa lanceolata (Mart. & Eichler) Pierre,1.66,-75.67
Ecclinusa lanceolata (Mart. & Eichler) Pierre,-13.92472,-68.20027
Ecclinusa lanceolata (Mart. & Eichler) Pierre,-13.9249,-68.2004
Ecclinusa lanceolata (Mart. & Eichler) Pierre,1.925,-67.034444
Ecclinusa lanceolata (Mart. & Eichler) Pierre,1.911944,-67.039167
Ecclinusa lanceolata (Mart. & Eichler) Pierre,-2.58,-70.09
Ecclinusa lanceolata (Mart. & Eichler) Pierre,1.961111,-66.996944
Ecclinusa lanceolata (Mart. & Eichler) Pierre,-14.55777,-60.73444
Ecclinusa lanceolata (Mart. & Eichler) Pierre,2.901667,-67.4575
Ecclinusa lanceolata (Mart. & Eichler) Pierre,9.28333,-78.96666
Ecclinusa lanceolata (Mart. & Eichler) Pierre,-0.876111,-76.243889
Ecclinusa lanceolata (Mart. & Eichler) Pierre,-0.14,-74.75
Ecclinusa lanceolata (Mart. & Eichler) Pierre,0.501944,-77.230278
Ecclinusa lanceolata (Mart. & Eichler) Pierre,-4.12194,-72.92361
Ecclinusa guianensis Eyma,-18.785278,-40.441389
Ecclinusa guianensis Eyma,1.360167,-72.914944
Ecclinusa guianensis Eyma,2.686886,-57.060547
Ecclinusa guianensis Eyma,-9.27,-62.91
Ecclinusa guianensis Eyma,-9.635278,-61.643611
Ecclinusa guianensis Eyma,-9.692778,-61.677778000000004
Ecclinusa guianensis Eyma,-9.636111,-61.644167
Ecclinusa guianensis Eyma,-9.691944,-61.678889
Ecclinusa guianensis Eyma,-9.690833,-61.678333
Ecclinusa guianensis Eyma,-1.901111,-61.683889
Ecclinusa guianensis Eyma,-3.6225,-46.799722
Ecclinusa guianensis Eyma,-1.385555,-61.879444
Ecclinusa guianensis Eyma,1.740357,-69.732504
Ecclinusa guianensis Eyma,1.74,-69.73
Ecclinusa guianensis Eyma,5.2,-53.4
Ecclinusa guianensis Eyma,4.46,-52.27
Ecclinusa guianensis Eyma,-21.797222,-41.448056
Ecclinusa guianensis Eyma,-2.441781,-60.288261
Ecclinusa guianensis Eyma,-2.439797,-60.289367
Ecclinusa guianensis Eyma,-9.530555,-64.820833
Ecclinusa guianensis Eyma,-9.248055,-64.701111
Ecclinusa guianensis Eyma,-9.530556,-64.820833
Ecclinusa guianensis Eyma,-9.248056,-64.701111
Ecclinusa guianensis Eyma,4.59457,-53.41397
Ecclinusa guianensis Eyma,3.18012,-53.36744
Ecclinusa guianensis Eyma,-13.826667,-39.204722
Ecclinusa guianensis Eyma,-2.407225,-60.308381
Ecclinusa guianensis Eyma,-2.425564,-60.297903
Ecclinusa guianensis Eyma,-2.417075,-60.296414
Ecclinusa guianensis Eyma,-2.419697,-60.294928
Ecclinusa guianensis Eyma,-2.43045,-60.2895
Ecclinusa guianensis Eyma,-9.359444,-56.780833
Ecclinusa guianensis Eyma,-0.2456,-72.425
Ecclinusa guianensis Eyma,-0.0122,-72.0936
Ecclinusa guianensis Eyma,-0.0206,-72.1122
Ecclinusa guianensis Eyma,-0.0072,-72.1253
Ecclinusa guianensis Eyma,-2.610611,-71.48575
Ecclinusa guianensis Eyma,-16.358333,-40.586111
Ecclinusa guianensis Eyma,3.874167,-59.563333
Ecclinusa guianensis Eyma,-2.294194,-56.841444
Ecclinusa guianensis Eyma,4.0561,-52.23741
Ecclinusa guianensis Eyma,-1.06666,-77.61666
Ecclinusa guianensis Eyma,1.38,-70.96
Ecclinusa guianensis Eyma,4.5554500000000004,-53.31341
Ecclinusa guianensis Eyma,-2.660556,-60.53
Ecclinusa guianensis Eyma,-2.343889,-60.14
Ecclinusa guianensis Eyma,-2.883333,-59.97
Ecclinusa guianensis Eyma,-1.283333,-69.733333
Ecclinusa guianensis Eyma,-2.40456,-59.87
Ecclinusa guianensis Eyma,-19.971389,-40.530278
Ecclinusa guianensis Eyma,0.07416,-72.45139
Ecclinusa guianensis Eyma,6.972,-64.875
Ecclinusa guianensis Eyma,5.878,-64.493
Ecclinusa guianensis Eyma,0.06586,-72.46053
Ecclinusa guianensis Eyma,4.75833,-56.87777
Ecclinusa guianensis Eyma,4.75,-56.87
Ecclinusa guianensis Eyma,4.75,-56.866667
Ecclinusa guianensis Eyma,-2.55222,-70.01094
Ecclinusa guianensis Eyma,0.07,-72.45
Ecclinusa guianensis Eyma,4.758333,-56.877778
Ecclinusa guianensis Eyma,-0.6,-76.45
Ecclinusa guianensis Eyma,-0.65,-72.3
Ecclinusa guianensis Eyma,-0.93333,-76.2
Ecclinusa guianensis Eyma,4.75833,-56.88055
Ecclinusa guianensis Eyma,4.75,-56.88
Ecclinusa bullata T.D.Penn.,-2.59194,-70.09167
Ecclinusa bullata T.D.Penn.,2.083056,-67.089167
Ecclinusa bullata T.D.Penn.,-2.61414,-70.17875
Ecclinusa bullata T.D.Penn.,2.78833,-67.52527
Ecclinusa bullata T.D.Penn.,-1.11028,-71.58972
Ecclinusa atabapoensis (Aubrév.) T.D.Penn.,3.73,-67.83
Ecclinusa atabapoensis (Aubrév.) T.D.Penn.,-0.2606,-72.4075
Ecclinusa atabapoensis (Aubrév.) T.D.Penn.,3.872222,-67.852222
Ecclinusa atabapoensis (Aubrév.) T.D.Penn.,4.532222,-68.091111
Ecclinusa atabapoensis (Aubrév.) T.D.Penn.,3.52,-67.43
Ecclinusa atabapoensis (Aubrév.) T.D.Penn.,3.808333,-67.7975
Ecclinusa atabapoensis (Aubrév.) T.D.Penn.,3.11,-67.78
Ecclinusa atabapoensis (Aubrév.) T.D.Penn.,3.119444,-67.788889
Ecclinusa atabapoensis (Aubrév.) T.D.Penn.,3.448528,-67.910583
Ecclinusa atabapoensis (Aubrév.) T.D.Penn.,3.44,-67.91
Ecclinusa atabapoensis (Aubrév.) T.D.Penn.,3.8135,-67.834222
Ecclinusa atabapoensis (Aubrév.) T.D.Penn.,3.496056,-67.437139
Ecclinusa atabapoensis (Aubrév.) T.D.Penn.,3.49,-67.43
Ecclinusa atabapoensis (Aubrév.) T.D.Penn.,3.839972,-67.90725
Ecclinusa atabapoensis (Aubrév.) T.D.Penn.,3.821389,-67.874444
Ecclinusa atabapoensis (Aubrév.) T.D.Penn.,3.788611,-67.874444
Ecclinusa atabapoensis (Aubrév.) T.D.Penn.,3.500833,-67.425833
